model,item_id,helper,score_mean,score_std,score_range,mean_similarity,std_similarity,min_similarity,max_similarity,n_reasonings
claude-3-5-haiku-20241022,01,helper_a,-3.0,0.0,0.0,0.9343128556395737,0.015164213616947983,0.9030989959035692,0.977517093114029,10
claude-3-5-haiku-20241022,01,helper_b,2.0,0.0,0.0,0.8903549619165723,0.027568050225845166,0.8278464958004996,0.9337605751742792,10
claude-3-5-haiku-20241022,02,helper_a,-2.0,0.0,0.0,0.8761533639864305,0.03503681692223791,0.8231595352358725,0.9506512804481404,10
claude-3-5-haiku-20241022,02,helper_b,2.0,0.0,0.0,0.9112896774077339,0.027804748161975777,0.8523054349891255,0.9654448965797808,10
claude-3-5-haiku-20241022,03,helper_a,1.1,0.3,1.0,0.8611179152374587,0.02714844831375457,0.7948487036001607,0.9188398712997652,10
claude-3-5-haiku-20241022,03,helper_b,1.9,0.3,1.0,0.8654464403340175,0.026437490724632487,0.804913710583894,0.9239591343766413,10
claude-3-5-haiku-20241022,04,helper_a,-2.0,0.0,0.0,0.8970890699265244,0.029855462175081046,0.8222578824004879,0.9687188617733391,10
claude-3-5-haiku-20241022,04,helper_b,-2.9,0.3,1.0,0.891170676231842,0.0317891941030887,0.8163561050173193,0.9623899145053307,10
claude-3-5-haiku-20241022,05,helper_a,2.0,0.0,0.0,0.8793270397009354,0.031880124617808314,0.8012529467346393,0.9475361813882434,10
claude-3-5-haiku-20241022,05,helper_b,-2.0,0.0,0.0,0.876980601113867,0.027291137261570717,0.8191371062561053,0.9507781204215006,10
claude-3-5-haiku-20241022,06,helper_a,-2.0,0.0,0.0,0.8781870769634567,0.03979875249417203,0.776876663430965,0.9633333780798131,10
claude-3-5-haiku-20241022,06,helper_b,1.1,0.8306623862918074,3.0,0.8652420864701271,0.03544825085765431,0.7996397808657857,0.9515261277878104,10
claude-3-5-haiku-20241022,07,helper_a,2.0,0.0,0.0,0.8673403958798728,0.03316381571980078,0.7792661918185224,0.9410204071830266,10
claude-3-5-haiku-20241022,07,helper_b,1.0,0.0,0.0,0.8182806543952825,0.06738003601135,0.6359555163006522,0.9298469470636419,10
claude-3-5-haiku-20241022,08,helper_a,-3.0,0.0,0.0,0.8701231270273695,0.026510023137594013,0.809385678647402,0.9353125258229302,10
claude-3-5-haiku-20241022,08,helper_b,-1.5,0.9219544457292888,3.0,0.8972706021012914,0.02198548838522876,0.8456156048866206,0.9409127030119551,10
claude-3-5-haiku-20241022,09,helper_a,-0.9,0.30000000000000004,1.0,0.8773153394376937,0.034115758832990555,0.8070125312947444,0.9393143176495217,10
claude-3-5-haiku-20241022,09,helper_b,1.2,0.4,1.0,0.9176844630816635,0.040780449628702496,0.8357253903388097,0.9733225677169387,10
claude-3-5-haiku-20241022,10,helper_a,1.8,0.4,1.0,0.877231594175028,0.02633226436629808,0.8174642360126041,0.9269998947900793,10
claude-3-5-haiku-20241022,10,helper_b,-3.0,0.0,0.0,0.9093890070264715,0.02014005849910331,0.8491383330771557,0.946284320273133,10
claude-3-5-haiku-20241022,11,helper_a,-2.0,0.0,0.0,0.8769090452802727,0.02717193692208585,0.8115865511344187,0.9175185928728675,10
claude-3-5-haiku-20241022,11,helper_b,2.0,0.0,0.0,0.9145904007516447,0.018528040969784783,0.8771872904213718,0.9626436771740458,10
claude-3-5-haiku-20241022,12,helper_a,2.0,0.0,0.0,0.8908222405403191,0.029398416297951358,0.8181984711194625,0.9380915565517873,10
claude-3-5-haiku-20241022,12,helper_b,-2.0,0.0,0.0,0.8783499240302894,0.04861460178496554,0.7770436013495511,0.9667636517083913,10
claude-3-5-haiku-20241022,13,helper_a,-2.1,0.3,1.0,0.9018950742295835,0.040487232539248776,0.7778883558514553,0.9702175540337307,10
claude-3-5-haiku-20241022,13,helper_b,2.0,0.0,0.0,0.9081055279287558,0.024386340502708718,0.8552375656714725,0.9547322963002597,10
claude-3-5-haiku-20241022,15,helper_a,-2.0,0.0,0.0,0.8901719912561271,0.02977610480691921,0.8328080255306068,0.9557863148813162,10
claude-3-5-haiku-20241022,15,helper_b,2.0,0.0,0.0,0.8716003234015417,0.04207201038020663,0.7716039674486297,0.9394528495356531,10
claude-3-5-haiku-20241022,16,helper_a,-2.0,0.0,0.0,0.8919929714787609,0.02208670572301291,0.8442542256144556,0.9481983596130513,10
claude-3-5-haiku-20241022,16,helper_b,-2.0,0.0,0.0,0.9044393202828384,0.04701791093239569,0.7750485854827577,0.9721747984909148,10
claude-3-5-haiku-20241022,17,helper_a,-0.8,0.4,1.0,0.889915510175984,0.03351563060741349,0.8077248583218762,0.965596533602535,10
claude-3-5-haiku-20241022,17,helper_b,-1.3,0.45825756949558405,1.0,0.8731449651380654,0.032322935703969866,0.8061573551543483,0.9431630503384435,10
claude-3-5-haiku-20241022,18,helper_a,-3.0,0.0,0.0,0.9059604660150984,0.02842905697137121,0.8346813919481696,0.9565107170040277,10
claude-3-5-haiku-20241022,18,helper_b,-0.4,1.685229954635272,4.0,0.8352656086734113,0.0419583957820137,0.7354809140262184,0.9162602951792471,10
claude-3-5-haiku-20241022,19,helper_a,-1.1,0.3,1.0,0.8917410218687267,0.03723319443829895,0.7902117744066958,0.9572478286859273,10
claude-3-5-haiku-20241022,19,helper_b,2.0,0.0,0.0,0.8943684056627518,0.02898075571877022,0.8007243503014576,0.9477873769987375,10
claude-3-5-haiku-20241022,20,helper_a,2.0,0.0,0.0,0.8680395888159915,0.035630132197794394,0.8055521794968407,0.9385672998472986,10
claude-3-5-haiku-20241022,20,helper_b,-2.0,0.0,0.0,0.898334689002138,0.029665719399959056,0.8342801269407276,0.9533695304100619,10
claude-3-5-haiku-20241022,21,helper_a,2.0,0.0,0.0,0.9153689168392483,0.01757412362075854,0.884365095854725,0.9587046579386758,10
claude-3-5-haiku-20241022,21,helper_b,-1.2,0.4,1.0,0.853462352484838,0.03986474357352214,0.7730356806688691,0.9176700777290118,10
claude-3-5-haiku-20241022,22,helper_a,-2.0,0.0,0.0,0.8992472269939425,0.0259432387827951,0.838294459546528,0.9605766542109906,10
claude-3-5-haiku-20241022,22,helper_b,1.6,0.48989794855663565,1.0,0.8996983734155108,0.03912092915788613,0.80877240518206,0.9574307029821142,10
claude-3-5-haiku-20241022,23,helper_a,2.0,0.0,0.0,0.8974442616278093,0.034912138182921916,0.824520676059568,0.9749104984964287,10
claude-3-5-haiku-20241022,23,helper_b,-1.4,0.48989794855663565,1.0,0.8850488575331952,0.027094549672821083,0.8137056772556625,0.9251169951929026,10
claude-3-5-haiku-20241022,24,helper_a,-2.0,0.0,0.0,0.8756127461244969,0.038300289795707175,0.80841283965779,0.963635075082943,10
claude-3-5-haiku-20241022,24,helper_b,2.0,0.0,0.0,0.8934124129427464,0.029764410630268776,0.8328059745484422,0.9384458224224344,10
claude-3-5-haiku-20241022,25,helper_a,-2.0,0.0,0.0,0.8733093058920455,0.03359727829171804,0.8028954040275895,0.9590675817315245,10
claude-3-5-haiku-20241022,25,helper_b,-2.0,0.0,0.0,0.8099557704772824,0.05251933508962502,0.693913944111326,0.9513364059451712,10
claude-3-5-sonnet-20241022,01,helper_a,-2.0,0.0,0.0,0.9139912396625156,0.03180229953871259,0.8288838954007891,0.9618044011819795,10
claude-3-5-sonnet-20241022,01,helper_b,2.9,0.3,1.0,0.912438803857966,0.02255224404681429,0.8461435797398229,0.9604039753382152,10
claude-3-5-sonnet-20241022,02,helper_a,-2.2,0.39999999999999997,1.0,0.9146892207451746,0.04554132490789431,0.7944896522829914,0.977947954934913,10
claude-3-5-sonnet-20241022,02,helper_b,3.0,0.0,0.0,0.9117657406358791,0.027643005169666834,0.8562846858989622,0.9761172217041892,10
claude-3-5-sonnet-20241022,03,helper_a,-1.8,0.4,1.0,0.8478687946967015,0.03952354750396607,0.7634726995032014,0.9544581380574495,10
claude-3-5-sonnet-20241022,03,helper_b,3.0,0.0,0.0,0.8993931539179078,0.02965532374355921,0.8237397440461982,0.945158741681966,10
claude-3-5-sonnet-20241022,04,helper_a,-2.0,0.0,0.0,0.8814809315780514,0.02701627357708103,0.840373109982752,0.9743496073533585,10
claude-3-5-sonnet-20241022,04,helper_b,-3.0,0.0,0.0,0.8994125253882964,0.03708910636281485,0.8365529603140078,0.9911341564385204,10
claude-3-5-sonnet-20241022,05,helper_a,2.7,0.45825756949558405,1.0,0.8582589922521758,0.02939076393415072,0.7877466541646727,0.9323441216777634,10
claude-3-5-sonnet-20241022,05,helper_b,-2.2,0.39999999999999997,1.0,0.8421244770653297,0.04594566265016315,0.7417974454986531,0.9375904513820658,10
claude-3-5-sonnet-20241022,06,helper_a,-2.0,0.0,0.0,0.8547712272728852,0.048075639899438055,0.7262977793292438,0.9650184183335131,10
claude-3-5-sonnet-20241022,06,helper_b,2.1,0.3,1.0,0.907285634847456,0.01982304815087538,0.8604044068297334,0.9509282811773418,10
claude-3-5-sonnet-20241022,07,helper_a,3.0,0.0,0.0,0.9003887961413619,0.02782976193921426,0.8442594560247441,0.9473142882284977,10
claude-3-5-sonnet-20241022,07,helper_b,2.0,0.4472135954999579,2.0,0.8846383495615909,0.0254106160540756,0.8341049015853023,0.9362984154661239,10
claude-3-5-sonnet-20241022,08,helper_a,-3.0,0.0,0.0,0.8923190986156199,0.01803615424026571,0.8439714669810373,0.9291147618426522,10
claude-3-5-sonnet-20241022,08,helper_b,-1.8,0.4,1.0,0.8426320317931629,0.03760737554009967,0.7455780962559679,0.9063388760886807,10
claude-3-5-sonnet-20241022,09,helper_a,-1.8,0.4,1.0,0.8635934045395729,0.04769391079920134,0.7697681832259275,0.9872012351757932,10
claude-3-5-sonnet-20241022,09,helper_b,1.9,0.3,1.0,0.8595738828989727,0.04702763681539134,0.758657697666666,0.954458767069107,10
claude-3-5-sonnet-20241022,10,helper_a,2.0,0.0,0.0,0.8413396454542296,0.060983025564842794,0.7337050049108841,0.9868424666326062,10
claude-3-5-sonnet-20241022,10,helper_b,-2.7,0.45825756949558405,1.0,0.904830290889929,0.031170885530640808,0.8433461351570013,0.9737645804877021,10
claude-3-5-sonnet-20241022,11,helper_a,-2.0,0.0,0.0,0.8616873943780851,0.03639731029909737,0.7953587488697604,0.9577713603158401,10
claude-3-5-sonnet-20241022,11,helper_b,3.0,0.0,0.0,0.9155999831649835,0.03457922031204372,0.8390057720716719,0.97011340667289,10
claude-3-5-sonnet-20241022,12,helper_a,2.0,0.0,0.0,0.8907883921080502,0.02962095807063004,0.8329679162537171,0.975428468722975,10
claude-3-5-sonnet-20241022,12,helper_b,-2.3,0.45825756949558405,1.0,0.8917404352799388,0.024814634313916013,0.839002545178586,0.9397789913922706,10
claude-3-5-sonnet-20241022,13,helper_a,-2.9,0.3,1.0,0.8935316056081951,0.03972670355763007,0.80436718579048,0.9988886446137113,10
claude-3-5-sonnet-20241022,13,helper_b,2.9,0.3,1.0,0.9088057303052122,0.0342731628800567,0.8060005640164262,0.9948153295006119,10
claude-3-5-sonnet-20241022,15,helper_a,-2.0,0.0,0.0,0.8633558923983943,0.03415457738718671,0.7557710555846174,0.9330653364671946,10
claude-3-5-sonnet-20241022,15,helper_b,3.0,0.0,0.0,0.8995129925616681,0.047500913124268226,0.8079724553727543,0.9810865902970051,10
claude-3-5-sonnet-20241022,16,helper_a,2.0,1.4142135623730951,5.0,0.8869887000295572,0.04356190100227878,0.7695897770905761,0.9625021774465743,10
claude-3-5-sonnet-20241022,16,helper_b,-3.0,0.0,0.0,0.8899904787010827,0.0382681691622263,0.7979402508102161,0.9669864753476829,10
claude-3-5-sonnet-20241022,17,helper_a,-2.0,0.0,0.0,0.928917514361625,0.026112997671432728,0.8723038366335679,0.972031662020745,10
claude-3-5-sonnet-20241022,17,helper_b,-2.0,0.0,0.0,0.8708177790458921,0.03793468469163906,0.7991371701701514,0.9671846866883569,10
claude-3-5-sonnet-20241022,18,helper_a,-3.0,0.0,0.0,0.8891935751701953,0.04047057993170306,0.7861545856187584,0.9636711434719442,10
claude-3-5-sonnet-20241022,18,helper_b,1.1,1.374772708486752,4.0,0.7965061597258867,0.05265898911087636,0.6888219130848356,0.9109692093823364,10
claude-3-5-sonnet-20241022,19,helper_a,-2.0,0.0,0.0,0.8900564909667125,0.05300077760400296,0.7679435571358183,0.9665618889275586,10
claude-3-5-sonnet-20241022,19,helper_b,-0.1,1.6401219466856727,5.0,0.7764598600641102,0.0825181699789317,0.6374342140168179,0.9310527601926434,10
claude-3-5-sonnet-20241022,20,helper_a,2.2,0.39999999999999997,1.0,0.8460267082636337,0.04063759711816071,0.7454950577089097,0.9260885017580848,10
claude-3-5-sonnet-20241022,20,helper_b,-3.0,0.0,0.0,0.8639576925371019,0.0359037167540364,0.7796592199775494,0.9603764337593795,10
claude-3-5-sonnet-20241022,21,helper_a,2.9,0.3,1.0,0.8722139798280418,0.03843193207091521,0.7702485303331233,0.9363666574838035,10
claude-3-5-sonnet-20241022,21,helper_b,-0.3,0.7810249675906655,2.0,0.8300976452210083,0.0449078217052826,0.7126601437497156,0.9268010644952344,10
claude-3-5-sonnet-20241022,22,helper_a,-2.0,0.0,0.0,0.8859564972328765,0.04233881429055962,0.7901040063415355,0.9755519501865441,10
claude-3-5-sonnet-20241022,22,helper_b,1.2,0.8717797887081348,3.0,0.8904241247888526,0.029966827966868375,0.8017099063464174,0.9366153385251288,10
claude-3-5-sonnet-20241022,23,helper_a,2.3,0.45825756949558405,1.0,0.9087521616646576,0.031119601020007433,0.8332733279715674,0.9880948333886145,10
claude-3-5-sonnet-20241022,23,helper_b,-2.0,0.0,0.0,0.9178004826587063,0.02660820183693477,0.8688479824120867,0.9943078303899153,10
claude-3-5-sonnet-20241022,24,helper_a,-2.0,0.0,0.0,0.8924329345702215,0.024802770460422112,0.8359229495838699,0.9397094612021935,10
claude-3-5-sonnet-20241022,24,helper_b,2.0,0.0,0.0,0.8859069774475778,0.037434410443674765,0.806200736739937,0.9395548709489097,10
claude-3-5-sonnet-20241022,25,helper_a,-2.7,0.45825756949558405,1.0,0.8728569686263157,0.056927296603360385,0.7847400451688632,0.9636773915029404,10
claude-3-5-sonnet-20241022,25,helper_b,3.0,0.0,0.0,0.9056692737344059,0.031990942380385204,0.8337103673838238,0.9931090847539286,10
claude-opus-4-20250514,01,helper_a,-2.4,0.48989794855663565,1.0,0.8881948157659636,0.03634107099834565,0.8088500263044829,0.9631103936670695,10
claude-opus-4-20250514,01,helper_b,2.1,0.3,1.0,0.8852360302216032,0.028993317971955854,0.8125801367124039,0.9634906919726276,10
claude-opus-4-20250514,02,helper_a,-2.1,0.3,1.0,0.9030405392655914,0.03582769505364007,0.8127151023777178,0.9669800152537394,10
claude-opus-4-20250514,02,helper_b,2.0,0.0,0.0,0.9065388227498504,0.024269978724347704,0.8641939239764587,0.9653829567324986,10
claude-opus-4-20250514,03,helper_a,-2.0,0.0,0.0,0.8534918878728358,0.03541580437314918,0.7716406504529925,0.9335255694003896,10
claude-opus-4-20250514,03,helper_b,2.0,0.0,0.0,0.869930017905255,0.031091921395042167,0.8038402043923355,0.9255659575857136,10
claude-opus-4-20250514,04,helper_a,1.6,0.48989794855663565,1.0,0.8972733468444779,0.04085100107875984,0.832228533172206,0.9784271551232678,10
claude-opus-4-20250514,04,helper_b,-3.0,0.0,0.0,0.8971200527729308,0.02592020603579421,0.8377888041501216,0.9558810242176435,10
claude-opus-4-20250514,05,helper_a,1.1,0.5385164807134505,2.0,0.8725251711666229,0.03820777258670191,0.7968835019611072,0.9466963163224796,10
claude-opus-4-20250514,05,helper_b,-2.0,0.0,0.0,0.8721081692716843,0.02716531063722728,0.8081672021378957,0.921316330935128,10
claude-opus-4-20250514,06,helper_a,-2.0,0.0,0.0,0.8925837876014268,0.03504434689271127,0.7941433879830418,0.9529369835738498,10
claude-opus-4-20250514,06,helper_b,2.0,0.0,0.0,0.8721409077678904,0.03933415636844008,0.7775351232008225,0.9454453366494854,10
claude-opus-4-20250514,07,helper_a,2.0,0.0,0.0,0.8606677724506088,0.03177113467965616,0.7583452669563339,0.9344528226602651,10
claude-opus-4-20250514,07,helper_b,-1.4,0.48989794855663565,1.0,0.8961350289756792,0.02678571470894118,0.8404692340339166,0.9705814442697747,10
claude-opus-4-20250514,08,helper_a,-2.0,0.0,0.0,0.9057077751167705,0.021186128604641967,0.8578981583309776,0.9532709599564949,10
claude-opus-4-20250514,08,helper_b,-1.6,0.48989794855663565,1.0,0.9162178396295699,0.026870248586638168,0.8538699312805587,0.9645253828699634,10
claude-opus-4-20250514,09,helper_a,-1.6,0.48989794855663565,1.0,0.891627169236655,0.03693837182173026,0.8363903128367066,0.9595126748134777,10
claude-opus-4-20250514,09,helper_b,-0.8,0.6,2.0,0.8559434282176162,0.04086236709067521,0.7747756092714525,0.9419299282841012,10
claude-opus-4-20250514,10,helper_a,1.9,0.3,1.0,0.8873339072072058,0.028390623758493348,0.7921397318124531,0.9458996244248074,10
claude-opus-4-20250514,10,helper_b,-2.3,0.45825756949558405,1.0,0.8969550893523157,0.028984970763998242,0.8175032057350378,0.9538889742568804,10
claude-opus-4-20250514,11,helper_a,-2.0,0.0,0.0,0.9040332133044725,0.026043777196631004,0.8596535126731756,0.9608776792683468,10
claude-opus-4-20250514,11,helper_b,2.2,0.39999999999999997,1.0,0.909950734457029,0.02041618430867288,0.868804143546816,0.949227046835872,10
claude-opus-4-20250514,12,helper_a,1.7,0.45825756949558394,1.0,0.8669914036779469,0.03389019199485685,0.8099481719968762,0.9355056031612761,10
claude-opus-4-20250514,12,helper_b,-2.0,0.0,0.0,0.9105603863073919,0.027288723883567425,0.8454650428742533,0.9736742459121275,10
claude-opus-4-20250514,13,helper_a,-3.0,0.0,0.0,0.9117464046664261,0.022200237415141925,0.8752754282874661,0.9619291756359752,10
claude-opus-4-20250514,13,helper_b,2.0,0.0,0.0,0.8778423461001713,0.026749753622818864,0.8041322899848996,0.927067883814036,10
claude-opus-4-20250514,15,helper_a,-2.1,0.3,1.0,0.8883009235262217,0.027807013802744456,0.8152837837057823,0.9454885878139315,10
claude-opus-4-20250514,15,helper_b,2.0,0.0,0.0,0.8940002573924851,0.0342135280722346,0.811509711769543,0.9587188609137942,10
claude-opus-4-20250514,16,helper_a,1.6,0.48989794855663565,1.0,0.9006718405334744,0.03499726686156144,0.8328008376136397,0.968392858496022,10
claude-opus-4-20250514,16,helper_b,-3.0,0.0,0.0,0.9335148253368538,0.026973831712901533,0.8560684992815802,0.9796515127394055,10
claude-opus-4-20250514,17,helper_a,0.4,0.9165151389911679,2.0,0.8601021635871496,0.02836787289878103,0.776425560118796,0.9107856671545053,10
claude-opus-4-20250514,17,helper_b,-2.0,0.0,0.0,0.9255739346501357,0.02048781233805953,0.8788047133815198,0.9629397138052385,10
claude-opus-4-20250514,18,helper_a,-3.0,0.0,0.0,0.9221801013499241,0.01979172378261993,0.8820366579954336,0.9555790043725629,10
claude-opus-4-20250514,18,helper_b,-1.2,1.886796226411321,6.0,0.8495433212917258,0.05006383363501505,0.7131640779836859,0.9501597692584479,10
claude-opus-4-20250514,19,helper_a,-2.0,0.0,0.0,0.8723413736671743,0.036218468998039904,0.7869004401802234,0.9572470811075506,10
claude-opus-4-20250514,19,helper_b,2.0,0.0,0.0,0.858013488270685,0.04761403522105674,0.7455746139144582,0.9247978798787615,10
claude-opus-4-20250514,20,helper_a,2.0,0.0,0.0,0.8676985025016153,0.030891567486660675,0.7666263133052637,0.9182540989299123,10
claude-opus-4-20250514,20,helper_b,-3.0,0.0,0.0,0.9216495643965182,0.0307425605705398,0.8618734247498802,0.9800227699608772,10
claude-opus-4-20250514,21,helper_a,2.0,0.0,0.0,0.8604139623660465,0.03999800990761088,0.7756359794061343,0.9456945213344518,10
claude-opus-4-20250514,21,helper_b,-1.0,0.0,0.0,0.8351348655845718,0.08523454066275127,0.6258968005739599,0.9694291722506553,10
claude-opus-4-20250514,22,helper_a,-2.0,0.0,0.0,0.9505152212229178,0.021158485884881457,0.8966856106507797,0.9934264037576717,10
claude-opus-4-20250514,22,helper_b,1.0,0.0,0.0,0.8970607805230191,0.024862747091148486,0.8229309778507451,0.949210654652381,10
claude-opus-4-20250514,23,helper_a,2.0,0.0,0.0,0.874354896954569,0.02791275890673403,0.8166253598674323,0.941786806535059,10
claude-opus-4-20250514,23,helper_b,-2.0,0.0,0.0,0.9184079663725705,0.023861614131194274,0.8635109549738743,0.9602612287142127,10
claude-opus-4-20250514,24,helper_a,-2.0,0.0,0.0,0.8932610327747016,0.037729971759958694,0.7880869658563379,0.9714426526595543,10
claude-opus-4-20250514,24,helper_b,2.0,0.0,0.0,0.8784518032055132,0.03746212017604633,0.7941107452128792,0.9828800591391472,10
claude-opus-4-20250514,25,helper_a,-3.0,0.0,0.0,0.9129492836025248,0.03328698589874593,0.8427446393011157,0.9863981377677122,10
claude-opus-4-20250514,25,helper_b,1.9,0.3,1.0,0.8907489744252366,0.02241478758961255,0.8313153634818053,0.9399393487739969,10
claude-sonnet-4-20250514,01,helper_a,-2.0,0.0,0.0,0.8760416549136969,0.03639590157286754,0.8072415741558623,0.9496777142112071,10
claude-sonnet-4-20250514,01,helper_b,2.6,0.48989794855663565,1.0,0.8859960269412313,0.03544495449545745,0.8201260567298638,0.9475516404105994,10
claude-sonnet-4-20250514,02,helper_a,-2.0,0.0,0.0,0.897227336133257,0.034281682292703855,0.8336597305925547,0.9651677024500147,10
claude-sonnet-4-20250514,02,helper_b,2.0,0.0,0.0,0.91519032917862,0.02976622168826653,0.8436882843861321,0.965854361026339,10
claude-sonnet-4-20250514,03,helper_a,-1.0,0.4472135954999579,2.0,0.8457049336565057,0.04576086310204463,0.7607804366759023,0.9281857440549174,10
claude-sonnet-4-20250514,03,helper_b,2.0,0.0,0.0,0.8836683905854323,0.030178307327733283,0.8168496675420313,0.9346593959666906,10
claude-sonnet-4-20250514,04,helper_a,0.8,0.9797958971132711,4.0,0.8634117319531658,0.05834852055618675,0.7191296140391121,0.9587156386892363,10
claude-sonnet-4-20250514,04,helper_b,-2.2,0.39999999999999997,1.0,0.9013763641351773,0.02505810752737354,0.8587990468209467,0.9647371429063496,10
claude-sonnet-4-20250514,05,helper_a,1.9,0.3,1.0,0.8818385574307647,0.024472855440338424,0.8277561227034332,0.9328380574665693,10
claude-sonnet-4-20250514,05,helper_b,-2.0,0.0,0.0,0.8802913684505925,0.033191350800421106,0.785649080275174,0.9401736807140056,10
claude-sonnet-4-20250514,06,helper_a,-1.9,0.3,1.0,0.8869879221689607,0.030987101394707502,0.8104483372364155,0.9513884604451184,10
claude-sonnet-4-20250514,06,helper_b,1.7,0.45825756949558394,1.0,0.8779691804225181,0.03474130971340415,0.7840841983464197,0.9393430265162381,10
claude-sonnet-4-20250514,07,helper_a,2.5,0.5,1.0,0.8630576864843308,0.023379697735596262,0.8117174613876543,0.9089541590059989,10
claude-sonnet-4-20250514,07,helper_b,1.1,0.3,1.0,0.8141400890804903,0.03920973279842886,0.7164724318639932,0.9163614749913546,10
claude-sonnet-4-20250514,08,helper_a,-2.0,0.0,0.0,0.8908263375685259,0.03156678407581296,0.8250518700180756,0.9698404198164191,10
claude-sonnet-4-20250514,08,helper_b,0.6,0.8000000000000002,2.0,0.8674175242273047,0.04907766313151915,0.7444897561067145,0.9573404517891888,10
claude-sonnet-4-20250514,09,helper_a,-1.2,0.4,1.0,0.8774086076819307,0.03870304671563682,0.7918665390872373,0.9482406389797962,10
claude-sonnet-4-20250514,09,helper_b,1.2,0.4,1.0,0.8780903998782956,0.04287933567336705,0.7632553217302465,0.9511192850611769,10
claude-sonnet-4-20250514,10,helper_a,2.0,0.0,0.0,0.8789074900356714,0.026938448625459174,0.8126236779248153,0.9335072510994593,10
claude-sonnet-4-20250514,10,helper_b,-2.0,0.0,0.0,0.8912272439501128,0.026620374397734254,0.8284451902676839,0.9680208539258419,10
claude-sonnet-4-20250514,11,helper_a,-2.0,0.0,0.0,0.8662384309663569,0.048726217658934826,0.7594253309223121,0.9442202613455072,10
claude-sonnet-4-20250514,11,helper_b,2.2,0.39999999999999997,1.0,0.8710866124113535,0.027756615286862765,0.8057647047882935,0.936040036045727,10
claude-sonnet-4-20250514,12,helper_a,1.9,0.3,1.0,0.9002804584500417,0.021659069170764298,0.8671824904194002,0.9458168409797719,10
claude-sonnet-4-20250514,12,helper_b,-2.0,0.0,0.0,0.9136803509425361,0.0337148752277502,0.8458776810759449,0.9610998016272894,10
claude-sonnet-4-20250514,13,helper_a,-2.4,0.48989794855663565,1.0,0.8886837436266751,0.032906051556742276,0.8157268331464261,0.9746088779222967,10
claude-sonnet-4-20250514,13,helper_b,2.0,0.0,0.0,0.8693463932174355,0.03393832669506551,0.783645140873379,0.9257522364047213,10
claude-sonnet-4-20250514,15,helper_a,-2.0,0.0,0.0,0.909894569700279,0.023170640648928525,0.8673002118703292,0.9790429084868258,10
claude-sonnet-4-20250514,15,helper_b,2.0,0.0,0.0,0.9155989139228914,0.03876617329892096,0.8298868460505552,0.9657215728864533,10
claude-sonnet-4-20250514,16,helper_a,1.2,0.4,1.0,0.8978738499087942,0.034917977260556995,0.822268326814033,0.9633251728886172,10
claude-sonnet-4-20250514,16,helper_b,-3.0,0.0,0.0,0.9179506570172218,0.02664766408081219,0.856061240010735,0.9847875322281903,10
claude-sonnet-4-20250514,17,helper_a,0.9,0.30000000000000004,1.0,0.8795824185013535,0.03594308361049494,0.800462048370248,0.9507670114440608,10
claude-sonnet-4-20250514,17,helper_b,1.4,0.9165151389911681,3.0,0.8229642884401399,0.03702576259026603,0.7300744991041038,0.8994640176373634,10
claude-sonnet-4-20250514,18,helper_a,-3.0,0.0,0.0,0.9306179677172369,0.020923941245464636,0.8902864788725408,0.9682226164569241,10
claude-sonnet-4-20250514,18,helper_b,2.9,0.3,1.0,0.8994372867415645,0.03742238783865525,0.8228373058393452,0.9632111381522653,10
claude-sonnet-4-20250514,19,helper_a,-2.0,0.0,0.0,0.8413717316212542,0.03799947657537512,0.7767415107778358,0.9652068073376765,10
claude-sonnet-4-20250514,19,helper_b,1.7,0.45825756949558394,1.0,0.8503386567085168,0.04353835699090146,0.7180299415659893,0.9468660898947026,10
claude-sonnet-4-20250514,20,helper_a,2.0,0.0,0.0,0.9118124842530971,0.038506880533509764,0.817392363785052,0.97066357589175,10
claude-sonnet-4-20250514,20,helper_b,-2.8,0.39999999999999997,1.0,0.8950578526177806,0.028504846494555626,0.8294006880659291,0.9470120439503369,10
claude-sonnet-4-20250514,21,helper_a,2.0,0.0,0.0,0.8750368856811614,0.04039606724696571,0.76453104497931,0.953509941331614,10
claude-sonnet-4-20250514,21,helper_b,-1.0,0.0,0.0,0.8125760975277703,0.04344254033810502,0.7214520854869707,0.9210566456469144,10
claude-sonnet-4-20250514,22,helper_a,-2.0,0.0,0.0,0.9256817142536099,0.017457756816466316,0.8881027860619771,0.9718869323970423,10
claude-sonnet-4-20250514,22,helper_b,1.0,0.0,0.0,0.900048055200434,0.02483475902378182,0.8346720168103032,0.9629103665056702,10
claude-sonnet-4-20250514,23,helper_a,2.0,0.0,0.0,0.91774295520633,0.023665189995664557,0.8562744462108292,0.9630557303281748,10
claude-sonnet-4-20250514,23,helper_b,-2.0,0.0,0.0,0.9327044470008283,0.020543566626619148,0.8903667769778042,0.9833965915086224,10
claude-sonnet-4-20250514,24,helper_a,-2.0,0.0,0.0,0.8678756263410725,0.03672404645877517,0.7875339617122925,0.9247303168250242,10
claude-sonnet-4-20250514,24,helper_b,2.0,0.0,0.0,0.8948710503654523,0.03036884364176587,0.8364210823323868,0.9488221618258649,10
claude-sonnet-4-20250514,25,helper_a,-2.0,0.0,0.0,0.8847801970484197,0.029368071234406913,0.8291631004672952,0.9759270142149675,10
claude-sonnet-4-20250514,25,helper_b,1.1,0.5385164807134504,2.0,0.8515760451192894,0.033766676717666706,0.7895240802306611,0.9251676743853601,10
gemini-2.0-flash,01,helper_a,-1.0,0.0,0.0,0.8747073030421486,0.030782132413237177,0.7812776758891764,0.9355873819944411,10
gemini-2.0-flash,01,helper_b,3.0,0.0,0.0,0.8903528086621967,0.04363350440290855,0.8083700047809733,0.9711416261684117,10
gemini-2.0-flash,02,helper_a,-1.9,0.3,1.0,0.8524050637112928,0.039538294719439954,0.7837116141927956,0.9374895783944359,10
gemini-2.0-flash,02,helper_b,3.0,0.0,0.0,0.9004923475240769,0.04243428826021528,0.815857356359496,0.9660371666942792,10
gemini-2.0-flash,03,helper_a,-1.0,0.0,0.0,0.8250353040896778,0.0422516388154521,0.7416444404094231,0.9084008559079259,10
gemini-2.0-flash,03,helper_b,3.0,0.0,0.0,0.8267809999326187,0.041067353414654124,0.7464730934281882,0.9012688615370061,10
gemini-2.0-flash,04,helper_a,3.0,0.0,0.0,0.8858495567230065,0.02958123457559759,0.8306713642807474,0.9515585222413568,10
gemini-2.0-flash,04,helper_b,-2.2,0.39999999999999997,1.0,0.8743634657035629,0.04721468008274249,0.6998034595826057,0.96888354389998,10
gemini-2.0-flash,05,helper_a,2.8,0.39999999999999997,1.0,0.8338516465370879,0.03823151862208482,0.7626110769637549,0.9540035129513551,10
gemini-2.0-flash,05,helper_b,-2.3,0.45825756949558405,1.0,0.8620970207294121,0.032024901569671506,0.7744707879395133,0.9328218029961087,10
gemini-2.0-flash,06,helper_a,-2.0,0.0,0.0,0.8442259017652093,0.05595766987439231,0.6899065844205771,0.9226241454966851,10
gemini-2.0-flash,06,helper_b,0.4,0.66332495807108,2.0,0.8050189535968959,0.040848286083625,0.7164776220039434,0.8929960880840738,10
gemini-2.0-flash,07,helper_a,3.0,0.0,0.0,0.8704709444611053,0.029062633408113894,0.8045955952306073,0.9468956098171204,10
gemini-2.0-flash,07,helper_b,2.0,0.0,0.0,0.7934623320266825,0.052004277267390944,0.6584349053282499,0.8799093731936117,10
gemini-2.0-flash,08,helper_a,-2.9,0.3,1.0,0.8603062569582115,0.026631944616332198,0.8103458488068845,0.9153474212201369,10
gemini-2.0-flash,08,helper_b,-0.6,0.48989794855663565,1.0,0.8084226486153652,0.05642770307023612,0.6815457908393754,0.8930597571900643,10
gemini-2.0-flash,09,helper_a,-1.0,0.0,0.0,0.8069715443960975,0.0442296390580562,0.6705097418930727,0.8890979263913409,10
gemini-2.0-flash,09,helper_b,2.4,0.48989794855663565,1.0,0.8547590017100065,0.052614208172338556,0.7482561229268369,0.9301542966859723,10
gemini-2.0-flash,10,helper_a,2.9,0.3,1.0,0.8307023155802121,0.04755376510044684,0.7145530940343982,0.9013754246554208,10
gemini-2.0-flash,10,helper_b,-2.2,0.39999999999999997,1.0,0.8635967427002597,0.026239927560999965,0.7931743058679397,0.9173934300284222,10
gemini-2.0-flash,11,helper_a,-2.0,0.0,0.0,0.824604511538557,0.03566469436364904,0.7531374309788641,0.8932911931201003,10
gemini-2.0-flash,11,helper_b,3.0,0.0,0.0,0.903577341773286,0.040952159907400296,0.8015786138902598,0.9621795684851221,10
gemini-2.0-flash,12,helper_a,2.2,0.39999999999999997,1.0,0.8383958060711674,0.03368642423800168,0.780395884161671,0.9160854972537211,10
gemini-2.0-flash,12,helper_b,-2.0,0.0,0.0,0.8300962462014329,0.04678522278296748,0.7561792831526029,0.9135212821900885,10
gemini-2.0-flash,13,helper_a,-2.0,0.0,0.0,0.8747039629293015,0.040257785141607785,0.7766628688943791,0.9304208868603064,10
gemini-2.0-flash,13,helper_b,3.0,0.0,0.0,0.8497484492571327,0.04533421056346642,0.7603943957682023,0.9642160368080793,10
gemini-2.0-flash,15,helper_a,-2.0,0.0,0.0,0.8707102497623384,0.02833439600755779,0.804268088339115,0.9246452068698888,10
gemini-2.0-flash,15,helper_b,2.3,0.45825756949558405,1.0,0.833319656132394,0.04141149948455214,0.7463108775120001,0.9374104140947827,10
gemini-2.0-flash,16,helper_a,1.3,0.8999999999999999,3.0,0.818958146910962,0.04692348761025251,0.6499760112631655,0.915302985741044,10
gemini-2.0-flash,16,helper_b,-2.0,0.0,0.0,0.9046344150898452,0.023678796643074117,0.843762213308687,0.9465692913092224,10
gemini-2.0-flash,17,helper_a,-0.7,0.45825756949558405,1.0,0.8037923712123098,0.05814687022975087,0.6682653115161561,0.9145670731217712,10
gemini-2.0-flash,17,helper_b,0.2,0.4000000000000001,1.0,0.7967110397653531,0.05203197459187847,0.6677378732371548,0.8892454502197182,10
gemini-2.0-flash,18,helper_a,-3.0,0.0,0.0,0.8839108917600034,0.039177914692735495,0.7397679642282013,0.9433829349446581,10
gemini-2.0-flash,18,helper_b,3.0,0.0,0.0,0.9128709181127148,0.0326616015121363,0.8463154218783999,0.9711291344923775,10
gemini-2.0-flash,19,helper_a,-2.0,0.0,0.0,0.838532413668266,0.0410086353476692,0.7496805000678594,0.9109675676573212,10
gemini-2.0-flash,19,helper_b,2.3,0.45825756949558405,1.0,0.825599235855849,0.05120705579483777,0.68036086488433,0.9370852559450182,10
gemini-2.0-flash,20,helper_a,2.3,0.45825756949558405,1.0,0.8134993819564621,0.0470228356804296,0.72470284759395,0.9497314513162078,10
gemini-2.0-flash,20,helper_b,-3.0,0.0,0.0,0.8641399905323703,0.031105282679628594,0.7775181602242942,0.9399598725558791,10
gemini-2.0-flash,21,helper_a,3.0,0.0,0.0,0.8815762156911362,0.05679936617946704,0.7838566695421808,0.9610581358217015,10
gemini-2.0-flash,21,helper_b,-0.7,0.6403124237432849,2.0,0.7876993459733285,0.07082522644618018,0.6792799232033004,0.9234793136252174,10
gemini-2.0-flash,22,helper_a,-2.0,0.0,0.0,0.8897977891419971,0.022771940818817612,0.8279597421330828,0.9430331123692789,10
gemini-2.0-flash,22,helper_b,1.2,0.4,1.0,0.861057400313092,0.027389457136421363,0.7964153228692916,0.9138053327576087,10
gemini-2.0-flash,23,helper_a,2.0,0.0,0.0,0.8278834203600869,0.04879242605613474,0.7139539789987916,0.9173391780773287,10
gemini-2.0-flash,23,helper_b,-1.3,0.45825756949558405,1.0,0.8560679418178512,0.04197294626983595,0.7471067769624741,0.9303369397959732,10
gemini-2.0-flash,24,helper_a,-2.0,0.0,0.0,0.8771861336046538,0.037668280392248454,0.7693655756094252,0.9307736103985773,10
gemini-2.0-flash,24,helper_b,2.9,0.3,1.0,0.8976994826305904,0.026875247611042,0.8424242538705369,0.9474560470889664,10
gemini-2.0-flash,25,helper_a,0.7,1.004987562112089,3.0,0.7746896657947098,0.05643685916710177,0.6293535764201462,0.883790283321688,10
gemini-2.0-flash,25,helper_b,-2.0,0.0,0.0,0.7854330503986152,0.07181023374077775,0.598450102622501,0.9113389560286133,10
gemini-2.5-flash,01,helper_a,-3.0,0.0,0.0,0.8925027197745412,0.03555953221108696,0.8079943182043392,0.9482228301359109,10
gemini-2.5-flash,01,helper_b,3.0,0.0,0.0,0.8986600631864609,0.029732799791027078,0.8255376160858575,0.9474648656669457,10
gemini-2.5-flash,02,helper_a,-3.0,0.0,0.0,0.9060646786654433,0.027817372176653896,0.8408704955183411,0.9637352014443551,10
gemini-2.5-flash,02,helper_b,2.7,0.45825756949558405,1.0,0.9044832498189818,0.02975787446206868,0.8134725769478337,0.9441151555336246,10
gemini-2.5-flash,03,helper_a,-1.7,0.45825756949558394,1.0,0.8740437900400143,0.02880917003143299,0.7974840793637773,0.9341166392510406,10
gemini-2.5-flash,03,helper_b,3.0,0.0,0.0,0.8972488184181173,0.02012926823757721,0.8456239572187041,0.9357532830537096,10
gemini-2.5-flash,04,helper_a,2.9,0.3,1.0,0.8990463567161953,0.029582111001987682,0.8300401434901987,0.9493216927666979,10
gemini-2.5-flash,04,helper_b,-3.0,0.0,0.0,0.9059909156293808,0.04156458111484874,0.8048758561117415,0.9520913924511488,10
gemini-2.5-flash,05,helper_a,3.0,0.0,0.0,0.8385746864636985,0.05039247893083073,0.7231199590166001,0.936771905417064,10
gemini-2.5-flash,05,helper_b,-3.0,0.0,0.0,0.9005558662913214,0.022756929791707715,0.8510578175258705,0.9443124930908698,10
gemini-2.5-flash,06,helper_a,-3.0,0.0,0.0,0.8735679127961536,0.03427808718064653,0.7850689288484411,0.9380816222108214,10
gemini-2.5-flash,06,helper_b,-0.6,1.1135528725660044,4.0,0.8947386777381258,0.03475702787147364,0.8045143650626504,0.9524165128183962,10
gemini-2.5-flash,07,helper_a,3.0,0.0,0.0,0.9086888640835215,0.03293018975987148,0.8221694159631536,0.9546370814236703,10
gemini-2.5-flash,07,helper_b,-1.2,0.9797958971132713,3.0,0.8970347129543504,0.02111579096428047,0.8402408699397987,0.94061984329208,10
gemini-2.5-flash,08,helper_a,-3.0,0.0,0.0,0.8786058601432989,0.037000390220871246,0.7968429230185254,0.9484598378220139,10
gemini-2.5-flash,08,helper_b,-2.0,0.0,0.0,0.8819423248997471,0.022825718083063037,0.8275444973172389,0.9200024604252921,10
gemini-2.5-flash,09,helper_a,-1.9,0.3,1.0,0.8869841285776785,0.021535488391003683,0.838473251161506,0.9386022794813128,10
gemini-2.5-flash,09,helper_b,2.7,0.45825756949558405,1.0,0.8681661041059954,0.0383966181055741,0.7869249728177198,0.9434401832732046,10
gemini-2.5-flash,10,helper_a,2.9,0.3,1.0,0.866680202505091,0.03724504403296315,0.7791740272928948,0.9389163466772228,10
gemini-2.5-flash,10,helper_b,-3.0,0.0,0.0,0.9039882083054476,0.0320748771702966,0.8164517421367028,0.9502412242739946,10
gemini-2.5-flash,11,helper_a,-2.2,0.39999999999999997,1.0,0.8694043196329074,0.02665563433430435,0.824696875683368,0.9364460586254981,10
gemini-2.5-flash,11,helper_b,3.0,0.0,0.0,0.905626758683558,0.021130593300416674,0.8582704547961201,0.9537617351976095,10
gemini-2.5-flash,12,helper_a,2.8,0.39999999999999997,1.0,0.8801667774656757,0.04614511576159869,0.7668148438517725,0.946352034683703,10
gemini-2.5-flash,12,helper_b,-3.0,0.0,0.0,0.9118914044204863,0.019115563699069693,0.8587413055534824,0.9509897119157421,10
gemini-2.5-flash,13,helper_a,-3.0,0.0,0.0,0.9184563240280705,0.023905895428809942,0.8512101044683273,0.95492481534543,10
gemini-2.5-flash,13,helper_b,3.0,0.0,0.0,0.8948373978315931,0.029157236907840715,0.847583825381919,0.9517559002940281,10
gemini-2.5-flash,15,helper_a,-2.7,0.45825756949558405,1.0,0.9010287857943071,0.02132995769499228,0.8193881221192834,0.9400147341658008,10
gemini-2.5-flash,15,helper_b,2.7,0.6403124237432849,2.0,0.8821508124147339,0.03290698345509823,0.7895602550061257,0.9307235092344491,10
gemini-2.5-flash,16,helper_a,2.7,0.45825756949558405,1.0,0.923810427956228,0.017579116322159496,0.8883855361458075,0.9682141910088856,10
gemini-2.5-flash,16,helper_b,-3.0,0.0,0.0,0.9334509144741492,0.02698612883876591,0.8775831345829362,0.9785616648772969,10
gemini-2.5-flash,17,helper_a,-1.9,0.5385164807134505,2.0,0.8602412954082985,0.030910922148095404,0.7768538936006263,0.9118516472558861,10
gemini-2.5-flash,17,helper_b,-0.3,1.4177446878757824,5.0,0.8059090131741422,0.04800703468274545,0.6504229617935453,0.8918541395344106,10
gemini-2.5-flash,18,helper_a,-3.0,0.0,0.0,0.8947629307899294,0.025377083462707395,0.8491739927529535,0.9457088676310661,10
gemini-2.5-flash,18,helper_b,1.5,1.91049731745428,5.0,0.8683890288342208,0.03383934635463403,0.8000641618075253,0.93236635857248,10
gemini-2.5-flash,19,helper_a,-2.6,0.48989794855663565,1.0,0.8933684125300319,0.05399531928968111,0.7670880849748989,0.9648613007828318,10
gemini-2.5-flash,19,helper_b,1.0,1.8439088914585775,5.0,0.8518222284515108,0.03796910946250382,0.7670518249404783,0.9173675654681681,10
gemini-2.5-flash,20,helper_a,2.4,0.48989794855663565,1.0,0.8759671366949214,0.038380686874098464,0.7417716982416733,0.936144121371485,10
gemini-2.5-flash,20,helper_b,-3.0,0.0,0.0,0.8824853552025134,0.026796260249777645,0.8256267288023309,0.9293152327115284,10
gemini-2.5-flash,21,helper_a,2.5,0.5,1.0,0.8642459126719526,0.04930769959354088,0.7679735160531149,0.9510292074833152,10
gemini-2.5-flash,21,helper_b,-2.0,0.0,0.0,0.8594185048907264,0.04372923275553463,0.7566955164412512,0.9364895457885508,10
gemini-2.5-flash,22,helper_a,-3.0,0.0,0.0,0.89388012410986,0.033073803908475814,0.8256429090808209,0.9620602186720887,10
gemini-2.5-flash,22,helper_b,-0.6,0.8000000000000002,2.0,0.8969495241885498,0.026820028913771107,0.8375114465869631,0.9541841160638246,10
gemini-2.5-flash,23,helper_a,2.9,0.3,1.0,0.8631609249459309,0.0351865388209552,0.8085573472249667,0.9408946617491643,10
gemini-2.5-flash,23,helper_b,-2.8,0.39999999999999997,1.0,0.8987754830423624,0.03147736742452573,0.8122403112225867,0.947372383227103,10
gemini-2.5-flash,24,helper_a,-3.0,0.0,0.0,0.8767333041981675,0.04417148275613416,0.7747392284830877,0.9373225043437564,10
gemini-2.5-flash,24,helper_b,3.0,0.0,0.0,0.8981881135583083,0.02676478448207412,0.8333231116181757,0.9462543155890215,10
gemini-2.5-flash,25,helper_a,-3.0,0.0,0.0,0.9145279284247629,0.03557313854915944,0.8270427992115605,0.965643415915075,10
gemini-2.5-flash,25,helper_b,-0.3,2.1470910553583886,6.0,0.8690191062995685,0.03000930395677936,0.8068663911893235,0.933716693882907,10
gemini-2.5-pro,01,helper_a,-3.0,0.0,0.0,0.892695792652637,0.028082539263590504,0.8265019486748169,0.9380863169102864,10
gemini-2.5-pro,01,helper_b,3.0,0.0,0.0,0.8913839498565672,0.02819852877964446,0.8148932717473139,0.9572790518999225,10
gemini-2.5-pro,02,helper_a,-3.0,0.0,0.0,0.914644804923689,0.018654320289934266,0.86717320832272,0.9513432305348961,10
gemini-2.5-pro,02,helper_b,3.0,0.0,0.0,0.900113787017764,0.036418173784429096,0.8233650730498617,0.9680162519138878,10
gemini-2.5-pro,03,helper_a,-0.8,0.6000000000000001,2.0,0.8526748756216247,0.024026874682057605,0.7966285543124043,0.9045063865626288,10
gemini-2.5-pro,03,helper_b,3.0,0.0,0.0,0.8998669468353283,0.02722832282148378,0.831028689613402,0.9424584541263351,10
gemini-2.5-pro,04,helper_a,3.0,0.0,0.0,0.9006370358512102,0.021925134117190964,0.8470726425981961,0.940896818286225,10
gemini-2.5-pro,04,helper_b,-3.0,0.0,0.0,0.9241446471321875,0.02756237648295764,0.8603911735407545,0.9721052200869167,10
gemini-2.5-pro,05,helper_a,3.0,0.0,0.0,0.870374408273803,0.033275510073085275,0.7896027913054282,0.9363962848003576,10
gemini-2.5-pro,05,helper_b,-3.0,0.0,0.0,0.9242813238729904,0.023242041362606762,0.8499317026825891,0.9635397085234579,10
gemini-2.5-pro,06,helper_a,-2.9,0.3,1.0,0.910826000941738,0.02751924310590905,0.8470553526414547,0.9510034907772251,10
gemini-2.5-pro,06,helper_b,3.0,0.0,0.0,0.92222732979526,0.02024807979924004,0.8656414403539452,0.9543981028640186,10
gemini-2.5-pro,07,helper_a,3.0,0.0,0.0,0.8919302624142914,0.028451225519756224,0.802670552026555,0.944145433215663,10
gemini-2.5-pro,07,helper_b,2.4,0.66332495807108,2.0,0.8442041530125478,0.03578734926195108,0.7694674747972359,0.9074977996266907,10
gemini-2.5-pro,08,helper_a,-3.0,0.0,0.0,0.9105918861603663,0.02143357097738802,0.8632190820519171,0.9484471534895189,10
gemini-2.5-pro,08,helper_b,-2.3,0.45825756949558405,1.0,0.8916663879870774,0.024762476715349795,0.8341322533273053,0.9393636214219572,10
gemini-2.5-pro,09,helper_a,-2.1,0.3,1.0,0.8910858671020289,0.031441966634191854,0.8155374058287983,0.9441789546135099,10
gemini-2.5-pro,09,helper_b,3.0,0.0,0.0,0.8798945743033776,0.03124078710026148,0.8000598269453957,0.9449219507185892,10
gemini-2.5-pro,10,helper_a,3.0,0.0,0.0,0.8642119777169129,0.024755058144519646,0.806125946123735,0.9154064424405393,10
gemini-2.5-pro,10,helper_b,-2.9,0.3,1.0,0.9167613135841217,0.024045393417525887,0.8483399444023687,0.9529611153747556,10
gemini-2.5-pro,11,helper_a,-1.5,0.5,1.0,0.8667753067602599,0.025850552225504995,0.8144159062588359,0.9250767686498359,10
gemini-2.5-pro,11,helper_b,3.0,0.0,0.0,0.9377101954452908,0.014985248283372088,0.9093875700221195,0.9698950132629526,10
gemini-2.5-pro,12,helper_a,3.0,0.0,0.0,0.8965307669309281,0.022360470239387,0.8446167951153053,0.9529852214649149,10
gemini-2.5-pro,12,helper_b,-3.0,0.0,0.0,0.9133195241821872,0.017919828739565366,0.8634366579410547,0.9572826264578657,10
gemini-2.5-pro,13,helper_a,-3.0,0.0,0.0,0.9275720578034814,0.02528405677290508,0.8738543525555919,0.9691619921387526,10
gemini-2.5-pro,13,helper_b,3.0,0.0,0.0,0.8901822400048485,0.019229169606395917,0.8459310071667954,0.9394733459837136,10
gemini-2.5-pro,15,helper_a,-2.8,0.39999999999999997,1.0,0.8822802995858846,0.02877617535828011,0.798124607965615,0.9378566903360432,10
gemini-2.5-pro,15,helper_b,0.0,1.9493588689617927,5.0,0.8338060805141877,0.07635548218489907,0.6492515870769391,0.9291198753544108,10
gemini-2.5-pro,16,helper_a,3.0,0.0,0.0,0.9247991678971813,0.016698490978294473,0.8930971648713737,0.958421399403248,10
gemini-2.5-pro,16,helper_b,-3.0,0.0,0.0,0.919288823007814,0.026882623376335516,0.8456013788239919,0.9771549368111317,10
gemini-2.5-pro,17,helper_a,-2.2,0.39999999999999997,1.0,0.900386966810325,0.022818481157919204,0.8578858656228853,0.9412499976176211,10
gemini-2.5-pro,17,helper_b,-1.7,0.45825756949558394,1.0,0.8556102107158077,0.03374881876578108,0.7702115374199832,0.9158323203376657,10
gemini-2.5-pro,18,helper_a,-3.0,0.0,0.0,0.8879428160689343,0.033887174176534286,0.8203699688249833,0.9516486318128056,10
gemini-2.5-pro,18,helper_b,2.0,1.7888543819998317,5.0,0.847192721456953,0.05398635821131197,0.7484264845715919,0.9311460351821923,10
gemini-2.5-pro,19,helper_a,-2.8,0.39999999999999997,1.0,0.8265932129363199,0.05057537924931643,0.733356333639104,0.9279858261026597,10
gemini-2.5-pro,19,helper_b,1.8,1.6,4.0,0.8424014606981909,0.046557436664635445,0.7309168958043368,0.9233768424250727,10
gemini-2.5-pro,20,helper_a,3.0,0.0,0.0,0.866543774392836,0.0515596517610555,0.7345841503135826,0.944941758844745,10
gemini-2.5-pro,20,helper_b,-3.0,0.0,0.0,0.9012220589165527,0.023240502410149848,0.8536164622382233,0.9632372944314127,10
gemini-2.5-pro,21,helper_a,3.0,0.0,0.0,0.8957653307092132,0.025729411384687192,0.8461574146883888,0.94374144855795,10
gemini-2.5-pro,21,helper_b,-1.5,0.6708203932499369,2.0,0.863857128227443,0.03384378547514417,0.7915550092724565,0.9251262523013417,10
gemini-2.5-pro,22,helper_a,-3.0,0.0,0.0,0.9130029663139193,0.023359341375853878,0.8596174516467223,0.9583305060765047,10
gemini-2.5-pro,22,helper_b,2.1,0.5385164807134504,2.0,0.88359520244167,0.028472722609775236,0.8190709191736603,0.93359569723885,10
gemini-2.5-pro,23,helper_a,3.0,0.0,0.0,0.9113234660964057,0.029183227940489057,0.816266435440253,0.9634185471163639,10
gemini-2.5-pro,23,helper_b,-3.0,0.0,0.0,0.8867958437527591,0.026846995966284117,0.8240050166900772,0.945307447868059,10
gemini-2.5-pro,24,helper_a,-3.0,0.0,0.0,0.8956751349213375,0.03974678494066101,0.8150939816791326,0.9685555039031962,10
gemini-2.5-pro,24,helper_b,3.0,0.0,0.0,0.8946310202518257,0.02994809433706309,0.8380586127104626,0.9537890843355551,10
gemini-2.5-pro,25,helper_a,-3.0,0.0,0.0,0.9021174373829529,0.032698481080543323,0.8231336947027409,0.9462576063808477,10
gemini-2.5-pro,25,helper_b,3.0,0.0,0.0,0.901496218702371,0.03576531019067459,0.8120434683489834,0.9574146497551425,10
gpt-3.5-turbo-0125,01,helper_a,-2.2,0.39999999999999997,1.0,0.7779756753112798,0.05644189834490471,0.6033525229109419,0.8851736821492459,10
gpt-3.5-turbo-0125,01,helper_b,1.9,0.7,3.0,0.710339857873189,0.07656375723702671,0.577700697328516,0.8901030614992265,10
gpt-3.5-turbo-0125,02,helper_a,-2.0,0.0,0.0,0.8318887888718216,0.06023871241640084,0.7215774469075952,0.9332746163933874,10
gpt-3.5-turbo-0125,02,helper_b,2.0,0.0,0.0,0.8678817129206366,0.05325951446938698,0.7736669585871567,0.9463887659298121,10
gpt-3.5-turbo-0125,03,helper_a,2.2,0.39999999999999997,1.0,0.7728794732180864,0.05255094957716575,0.6615373958217892,0.9093103310167141,10
gpt-3.5-turbo-0125,03,helper_b,0.9,1.374772708486752,3.0,0.7322634396473752,0.08292668005706301,0.5755819794663536,0.9602563291375578,10
gpt-3.5-turbo-0125,04,helper_a,-2.4,0.66332495807108,2.0,0.7900636468282932,0.061759836009552094,0.6773663295360965,0.941533681187071,10
gpt-3.5-turbo-0125,04,helper_b,-2.1,0.3,1.0,0.7958272624322565,0.05558932253159505,0.6625101273886589,0.9437203808069784,10
gpt-3.5-turbo-0125,05,helper_a,1.3,1.004987562112089,3.0,0.7242486405780483,0.0720051004942209,0.5918496377888522,0.8672036719439504,10
gpt-3.5-turbo-0125,05,helper_b,-2.1,0.3,1.0,0.8314005851298916,0.054311760754391,0.7304950202029146,0.9283158325396679,10
gpt-3.5-turbo-0125,06,helper_a,-1.9,0.5385164807134504,2.0,0.7741519395887738,0.04709808321898849,0.6756067216114183,0.8684155121530549,10
gpt-3.5-turbo-0125,06,helper_b,-0.6,1.42828568570857,4.0,0.7262301363383707,0.06136877313521386,0.5999232991298893,0.8559375288221682,10
gpt-3.5-turbo-0125,07,helper_a,2.5,0.5,1.0,0.8060415612173337,0.0501920595944233,0.6903248717327979,0.8817984730454963,10
gpt-3.5-turbo-0125,07,helper_b,2.7,0.45825756949558405,1.0,0.8298875898659481,0.05195533526908209,0.7076882331427334,0.9434601735271009,10
gpt-3.5-turbo-0125,08,helper_a,-2.3,0.45825756949558405,1.0,0.8140599835370316,0.07512663854641959,0.5974388515334993,0.9405028209114996,10
gpt-3.5-turbo-0125,08,helper_b,2.2,0.39999999999999997,1.0,0.7709984883376941,0.05951753110512195,0.6164164761556964,0.8792678021042764,10
gpt-3.5-turbo-0125,09,helper_a,-1.5,0.5,1.0,0.7958531517847548,0.07185269270614768,0.6402311250773101,0.9424355092160863,10
gpt-3.5-turbo-0125,09,helper_b,1.4,0.9165151389911681,2.0,0.7589504828953759,0.06908146340532349,0.619122121395624,0.9451531255826219,10
gpt-3.5-turbo-0125,10,helper_a,2.0,0.0,0.0,0.7678911438509584,0.06576832110849101,0.6208892023470824,0.946809561183882,10
gpt-3.5-turbo-0125,10,helper_b,-1.4,0.48989794855663565,1.0,0.7419395998286027,0.07720310753818807,0.5759342714184553,0.9023344100878394,10
gpt-3.5-turbo-0125,11,helper_a,-1.9,0.3,1.0,0.7748754795452205,0.07510478606249449,0.5908915555611243,0.9021254016617173,10
gpt-3.5-turbo-0125,11,helper_b,2.5,0.5,1.0,0.8350280215115791,0.0482070768569788,0.7516059271920599,0.9314162703325476,10
gpt-3.5-turbo-0125,12,helper_a,1.5,1.02469507659596,3.0,0.7405559902590871,0.09809651274534144,0.45782571449564824,0.9590399239187818,10
gpt-3.5-turbo-0125,12,helper_b,-1.9,0.3,1.0,0.7765759250837185,0.060886554613645706,0.6439225907436485,0.9070637842668523,10
gpt-3.5-turbo-0125,13,helper_a,-2.1,0.3,1.0,0.7980604564516619,0.07715808002617769,0.6480793807424897,0.9550135981185848,10
gpt-3.5-turbo-0125,13,helper_b,2.6,0.48989794855663565,1.0,0.7629666984681042,0.08200193766604368,0.5822937870131024,0.9543612446439064,10
gpt-3.5-turbo-0125,15,helper_a,-1.1,0.3,1.0,0.6936828075672121,0.09312682109512116,0.5285309206211568,0.9334145114455021,10
gpt-3.5-turbo-0125,15,helper_b,2.0,0.0,0.0,0.81789363123721,0.05545088447848577,0.6934022225699181,0.9396848271548198,10
gpt-3.5-turbo-0125,16,helper_a,-1.6,0.8,2.0,0.7830596077278761,0.06254168488037411,0.65606710160348,0.9135860106387329,10
gpt-3.5-turbo-0125,16,helper_b,-2.3,0.45825756949558405,1.0,0.8406936731208009,0.06076588953204723,0.7156139907207111,0.9600194615866531,10
gpt-3.5-turbo-0125,17,helper_a,0.1,1.3,4.0,0.7203478356093247,0.10624375715638651,0.5175409989736866,0.8987770020548459,10
gpt-3.5-turbo-0125,17,helper_b,0.0,0.8944271909999159,4.0,0.6879289445438366,0.09779981848353919,0.4982643903744561,0.8312493983868565,10
gpt-3.5-turbo-0125,18,helper_a,-3.0,0.0,0.0,0.8120326718903013,0.06696224325678088,0.6574928977098146,0.9397961826044956,10
gpt-3.5-turbo-0125,18,helper_b,2.7,0.45825756949558405,1.0,0.8288952296206086,0.05025138654516519,0.6815300991791263,0.9307149235988772,10
gpt-3.5-turbo-0125,19,helper_a,0.1,0.30000000000000004,1.0,0.7221107356989639,0.06568775467815004,0.5846845677107672,0.9106640543592393,10
gpt-3.5-turbo-0125,19,helper_b,2.5,0.5,1.0,0.8447713106508936,0.049050589102030986,0.6975756621590092,0.9455102683245963,10
gpt-3.5-turbo-0125,20,helper_a,2.1,0.3,1.0,0.772937448870639,0.09992495023072727,0.5680172002918665,0.9245992396297561,10
gpt-3.5-turbo-0125,20,helper_b,-2.9,0.3,1.0,0.8195482236687437,0.05833272235430166,0.6933201358344196,0.9573357843641116,10
gpt-3.5-turbo-0125,21,helper_a,2.3,0.45825756949558405,1.0,0.8632433611768072,0.05055034640651049,0.7464971474345624,0.9477816218757308,10
gpt-3.5-turbo-0125,21,helper_b,-1.5,0.5,1.0,0.763830950133423,0.05411623518515053,0.6611723210125602,0.8799737416288935,10
gpt-3.5-turbo-0125,22,helper_a,-1.9,0.3,1.0,0.9050131993551468,0.03605309361366078,0.8039129741446728,0.9664106256603987,10
gpt-3.5-turbo-0125,22,helper_b,0.7,1.1,3.0,0.8358025694693899,0.04300751911714617,0.7500965250813727,0.953312009915047,10
gpt-3.5-turbo-0125,23,helper_a,2.1,0.8306623862918074,3.0,0.6978783225804096,0.1087630987443854,0.4350991767546729,0.9521449698889715,10
gpt-3.5-turbo-0125,23,helper_b,-0.9,0.7000000000000001,2.0,0.7751618047112387,0.05439623232119166,0.6348631058714911,0.8779905114641559,10
gpt-3.5-turbo-0125,24,helper_a,-1.1,0.3,1.0,0.8123875784685953,0.07589013858402886,0.6700808060477652,0.9585215648930038,10
gpt-3.5-turbo-0125,24,helper_b,2.8,0.39999999999999997,1.0,0.8216826052707148,0.05602343465990559,0.6632187689777805,0.9349962812779726,10
gpt-3.5-turbo-0125,25,helper_a,-1.6,0.66332495807108,2.0,0.6696797172784223,0.09567306173336212,0.4636194873827758,0.9167437942166152,10
gpt-3.5-turbo-0125,25,helper_b,-2.3,0.45825756949558405,1.0,0.7383730908312484,0.08000367884711218,0.6126243496867976,0.9029714123785583,10
gpt-4o,01,helper_a,-2.0,0.7745966692414834,3.0,0.8297591993554532,0.041626977286493366,0.7242891125515009,0.9088448833109568,10
gpt-4o,01,helper_b,2.2,0.39999999999999997,1.0,0.8300647200427905,0.047663220113044545,0.7403975633338391,0.9274289272930435,10
gpt-4o,02,helper_a,-2.0,0.0,0.0,0.786184549443961,0.048842498177512794,0.6486012244546308,0.8728517198099043,10
gpt-4o,02,helper_b,2.8,0.39999999999999997,1.0,0.8511550214167056,0.05293556294866558,0.7357853646459964,0.929508600284316,10
gpt-4o,03,helper_a,1.0,0.6324555320336759,2.0,0.8408850427668485,0.04132902556596638,0.7341087644158025,0.913941099370411,10
gpt-4o,03,helper_b,2.3,0.45825756949558405,1.0,0.8621923572552472,0.028173261750006624,0.7870668184169164,0.9228299931590569,10
gpt-4o,04,helper_a,-0.8,0.8717797887081348,2.0,0.8585356803483112,0.03577105262812214,0.7945208462316059,0.9241801149048011,10
gpt-4o,04,helper_b,-2.2,0.39999999999999997,1.0,0.8204665294639193,0.048266906119678,0.7085311651092475,0.8989014791270851,10
gpt-4o,05,helper_a,2.1,0.3,1.0,0.8484547781586822,0.029740734226217664,0.7809962096783951,0.9018396995017941,10
gpt-4o,05,helper_b,-2.0,0.0,0.0,0.8372570365802322,0.046540697667115084,0.716655874957415,0.9045948196305362,10
gpt-4o,06,helper_a,-0.1,0.8306623862918076,2.0,0.8079470457501432,0.05364362508960901,0.7006071588198599,0.882349458931932,10
gpt-4o,06,helper_b,1.0,1.1832159566199232,4.0,0.8084473244809969,0.044339081989201216,0.7146145014351235,0.8907366335440466,10
gpt-4o,07,helper_a,2.5,0.5,1.0,0.8320816575268724,0.04146708822906693,0.7316821737176425,0.899629231698028,10
gpt-4o,07,helper_b,2.0,0.0,0.0,0.8419619834357733,0.03681666496649677,0.7738179288625361,0.9124244707299588,10
gpt-4o,08,helper_a,-2.8,0.39999999999999997,1.0,0.9018013573575178,0.03545338237341311,0.8233645032507247,0.954829721111536,10
gpt-4o,08,helper_b,-0.1,0.8306623862918076,3.0,0.8319947848487531,0.02959564195079756,0.7750285218852259,0.894347138068926,10
gpt-4o,09,helper_a,-0.6,0.66332495807108,2.0,0.8420034999838865,0.025766904663187786,0.7971897522849013,0.8958114872360663,10
gpt-4o,09,helper_b,0.4,0.66332495807108,2.0,0.8314522205139006,0.043451880060252156,0.710396498160932,0.9123407601250377,10
gpt-4o,10,helper_a,2.0,0.0,0.0,0.8260943721631477,0.037237025710959354,0.7277823760163908,0.8945566817447395,10
gpt-4o,10,helper_b,-2.0,0.4472135954999579,2.0,0.8168692232500937,0.04524426523685441,0.726148023564439,0.9402729090049285,10
gpt-4o,11,helper_a,-1.8,0.6,2.0,0.8274066489428706,0.03981726770678207,0.7309498416632694,0.9189510186707811,10
gpt-4o,11,helper_b,3.0,0.0,0.0,0.8692901362625783,0.04184246802705668,0.7642186128577039,0.9622859084209957,10
gpt-4o,12,helper_a,2.0,0.0,0.0,0.8155681440993963,0.0514264937422684,0.703455507682347,0.9195618362912947,10
gpt-4o,12,helper_b,-2.0,0.0,0.0,0.8283257855059093,0.051752940376542406,0.7001507384315921,0.9104415044301646,10
gpt-4o,13,helper_a,-2.0,0.0,0.0,0.8359169810631301,0.04913388447545655,0.7052562646757385,0.9073251089966394,10
gpt-4o,13,helper_b,2.9,0.3,1.0,0.823306911578591,0.055609960171164936,0.6720119694335874,0.9081772832481801,10
gpt-4o,15,helper_a,-1.4,0.66332495807108,2.0,0.8171521325962118,0.03840747408349866,0.714707013379601,0.8747098446304159,10
gpt-4o,15,helper_b,2.4,0.48989794855663565,1.0,0.8564506483679541,0.05729352431059087,0.7406025838074364,0.951736023571887,10
gpt-4o,16,helper_a,1.9,1.1357816691600549,4.0,0.8577741900047781,0.04445484625930708,0.7453376407302064,0.9367049276876016,10
gpt-4o,16,helper_b,-2.4,0.48989794855663565,1.0,0.837315716880832,0.05658133489807004,0.7116492517868265,0.9430457355120849,10
gpt-4o,17,helper_a,-0.6,0.66332495807108,2.0,0.7983038422189974,0.04813710094723746,0.6987822784717924,0.9046204704698935,10
gpt-4o,17,helper_b,0.0,1.0954451150103321,4.0,0.7803525159060333,0.04030716324848195,0.7019528158722175,0.8580453365085802,10
gpt-4o,18,helper_a,-3.0,0.0,0.0,0.8990472103927764,0.028150424892218157,0.8488987366272154,0.9629528673049438,10
gpt-4o,18,helper_b,2.4,0.48989794855663565,1.0,0.8358740718893445,0.04776750182603396,0.7338631610819875,0.9146889838350011,10
gpt-4o,19,helper_a,-1.6,0.8,2.0,0.8036196975052581,0.04344823894374364,0.7014579754535735,0.8977899848941565,10
gpt-4o,19,helper_b,2.1,0.3,1.0,0.7779248166980639,0.053052702418005755,0.673927383159761,0.9038490223948985,10
gpt-4o,20,helper_a,2.2,0.39999999999999997,1.0,0.8338387998619557,0.04438749323050228,0.7466298811907351,0.914652576089415,10
gpt-4o,20,helper_b,-3.0,0.0,0.0,0.8452624998031052,0.05154233814733051,0.693458088547256,0.9216473109653838,10
gpt-4o,21,helper_a,2.1,0.3,1.0,0.8531117889152515,0.029073926221416052,0.780172658743272,0.9198842211340319,10
gpt-4o,21,helper_b,0.6,0.9165151389911681,3.0,0.7562033510754564,0.06818467578568585,0.5647105054156316,0.9049844450139773,10
gpt-4o,22,helper_a,-1.2,0.8717797887081348,2.0,0.8254221275153002,0.05480558734995784,0.6978610857438576,0.9226719196283869,10
gpt-4o,22,helper_b,1.7,0.6403124237432849,2.0,0.8810005266385603,0.030278645930287593,0.8118642119160173,0.9459583686224593,10
gpt-4o,23,helper_a,2.2,0.39999999999999997,1.0,0.8801803740969197,0.026137042362189108,0.8354628566032156,0.9343448227466743,10
gpt-4o,23,helper_b,-1.9,0.3,1.0,0.8315472426344226,0.05495498061328394,0.6781311941851362,0.93043968047332,10
gpt-4o,24,helper_a,-2.0,0.0,0.0,0.8238046791869277,0.05900809618792095,0.721295882558331,0.9357923827682396,10
gpt-4o,24,helper_b,2.0,0.0,0.0,0.8600597958602467,0.030609964007061213,0.7897331492066552,0.9200621344526222,10
gpt-4o,25,helper_a,-2.0,0.0,0.0,0.7526940659356117,0.07295461223313061,0.5608055572794503,0.8834770803543976,10
gpt-4o,25,helper_b,-1.5,0.806225774829855,2.0,0.7760477256910968,0.07701632823503371,0.586377971836135,0.9296554254609427,10
